nct_id,brief_title,condition,phase,overall_status,start_date,primary_completion_date,completion_date,enrollment_count,enrollment_type,why_stopped,sponsor_name,location_countries
NCT03301792,Group Versus Traditional Prenatal Care for Diabetes,Pregnancy; Gestational Diabetes; Type 2 Diabetes,NA,ACTIVE_NOT_RECRUITING,2017-09-14,2025-11-17,2026-05,117.0,ESTIMATED,,Washington University School of Medicine,United States
NCT03887936,Testosterone Therapy and Bone Quality in Men With Diabetes and Hypogonadism,Type 2 Diabetes Mellitus; Hypogonadism,PHASE4,COMPLETED,2019-10-01,2025-10-08,2025-10-08,92.0,ACTUAL,,VA Office of Research and Development,United States
NCT05847907,RCT KS-SA Versur KS-BA in Diabetic Patients,Dental Implant; Diabetes,NA,NOT_YET_RECRUITING,2023-04-30,2024-12-31,2028-01-30,50.0,ESTIMATED,,Università degli Studi di Sassari,Italy
NCT03832907,Dexcom G6 Observational Study,Diabetes,NA,COMPLETED,2019-02-21,2020-03-31,2020-03-31,101.0,ACTUAL,,Emory University,United States
NCT03414892,Multiple Ascending Doses of Globalagliatin Hydrochloride in Type 2 Diabetes Mellitus,Hyperglycaemia (Diabetic); Type 2 Diabetes Mellitus,PHASE1,COMPLETED,2018-01-03,2019-01-04,2019-12-01,24.0,ACTUAL,,Yabao Pharmaceutical Group,China
NCT01141192,The Effect of Vitamin D Supplementation on Glucose Metabolism in Non-Diabetic African American Adults,Type 2 Diabetes,NA,COMPLETED,2010-01,2010-05,2010-05,48.0,ACTUAL,,Augusta University,United States
NCT03406663,The Korean TITRATION Study: Comparison of the Self-titration Methods for Glargine-300,Type 2 Diabetes Mellitus,NA,COMPLETED,2017-10-01,2020-01-17,2020-07-14,130.0,ACTUAL,,Seoul National University Hospital,South Korea
NCT05427084,Canagliflozin Targeting Vascular Inflammation,Diabetes Type 2; Coronary Artery Disease,PHASE2; PHASE3,RECRUITING,2024-11-15,2026-12,2026-12,24.0,ESTIMATED,,Ottawa Heart Institute Research Corporation,Canada
NCT04125784,Lipid Profile and Diabetes Mellitus in People With HIV,HIV Infections; Dyslipidemias; Diabetes Mellitus; Cardiovascular Risk Factor,,COMPLETED,2021-08-01,2022-12-30,2023-02-28,450.0,ACTUAL,,Moritz Oberndorfer,Austria
NCT04340648,"Measurement Algorithm Control, Optimization, and Performance Evaluation of the Vital USA GlucoseDetect",Diabetes Mellitus,NA,COMPLETED,2019-06-03,2019-10-31,2019-11-30,32.0,ACTUAL,,Sciema UG,Germany
NCT00653185,Efficacy of SYR-472 in Subjects With Type 2 Diabetes Mellitus,Diabetes Mellitus,PHASE2,COMPLETED,2007-05,2008-03,2008-03,369.0,ACTUAL,,Takeda,Chile; Czechia; Guatemala; Hungary; Latvia; Lithuania; Puerto Rico; Romania; Russia; Slovakia; Ukraine; United States
NCT01415115,Using SCOUT Noninvasive AGE Measurements to Forecast Diabetes Complications,Type 1 Diabetes; Type 2 Diabetes,,COMPLETED,2007-03,2011-08,2011-08,250.0,ACTUAL,,"VeraLight, Inc.",United States
NCT07630025,Concurrent Exercise Training,Typ 2 Diabetes,NA,NOT_YET_RECRUITING,2026-06,2026-09,2026-10,60.0,ESTIMATED,,Prince Sattam Bin Abdulaziz University,
NCT01106625,The CANTATA-MSU Trial (CANagliflozin Treatment And Trial Analysis - Metformin and SUlphonylurea),"Diabetes Mellitus, Type 2",PHASE3,COMPLETED,2010-05,2011-09,2012-04,469.0,ACTUAL,,"Janssen Research & Development, LLC",Australia; Belgium; France; Guatemala; Hungary; Israel; Mexico; Puerto Rico; Russia; Spain; United Kingdom; United States
NCT00252876,GALLEX 1 - Long Term Extension Study in Patients With Type 2 Diabetes,Type 2 Diabetes,PHASE3,TERMINATED,2005-03,,2007-01,2000.0,,The development program has been terminated,AstraZeneca,Argentina; Australia; Brazil; Canada; Czechia; Estonia; Finland; Greece; Hong Kong; Hungary; India; Indonesia; Israel; Italy; Latvia; Lithuania; Malaysia; Netherlands; Philippines; Poland; Portugal; Russia; Serbia and Montenegro; Singapore; Slovakia; South Africa; South Korea; Switzerland; United Kingdom; United States; Vietnam
NCT05630417,Investigation of the Effect of Geriatric Massage,Nursing Caries,NA,COMPLETED,2022-03-15,2023-08-30,2023-10-30,60.0,ACTUAL,,Bayburt University,Turkey (Türkiye)
NCT07716059,Legume Flour Particle Size and Metabolic Responses to Bread,Type 2 Diabetes,NA,RECRUITING,2025-09-29,2026-09-30,2026-11-30,35.0,ESTIMATED,,Harokopio University,Greece
NCT05015946,Handball-based Exercise and Type 2 Diabetes,Type 2 Diabetes,NA,COMPLETED,2021-09-01,2021-12-15,2021-12-20,10.0,ACTUAL,,University College of Northern Denmark,Denmark
NCT01901861,Effect of the DPP-4 Inhibitor Sitagliptin on Islet Function After Mixed Meal in Patients With Type 2 Diabetes,Type 2 Diabetes,NA,COMPLETED,2013-07,2015-12,2015-12,12.0,ACTUAL,,Lund University,Sweden
NCT00970593,"Study Evaluating Safety, Tolerability, And Action Of OAP-189 In Subjects With Type 2 Diabetes On Metformin",Diabetes Mellitus,PHASE1,COMPLETED,2009-09-02,2011-07-25,2011-07-25,92.0,ACTUAL,,Pfizer,United States
NCT04569721,Percutaneous CT-guided Cryoablation of the Splanchnic Nerves,Type 2 Diabetes,NA,WITHDRAWN,2021-02-19,2022-02,2022-02,0.0,ACTUAL,There was only one subject consented and it was a screen failure. No participants enrolled and study is being closed due to lack of enrollment.,Emory University,United States
NCT00602914,"A Pilot Study to Assess the Safety, PK and PD of Insulin Injected Via MicronJet or Conventional Needle",Intradermal Injections,EARLY_PHASE1,COMPLETED,2008-03,2008-12,2009-07,23.0,ACTUAL,,NanoPass Technologies Ltd,
NCT01159938,A Study of Postprandial Hyperglycemia in Participants With Type 2 Diabetes,"Diabetes Mellitus, Type 2",PHASE4,COMPLETED,2010-10,2013-02,2013-02,72.0,ACTUAL,,Eli Lilly and Company,Finland
NCT04952948,Pilates Method on Functional Capacity and Blood Pressure of Elderly Women With Type 2 Diabetes,Type-2 Diabetes; Physical Disability; Blood Pressure,NA,COMPLETED,2016-08-23,2016-11-28,2016-12-19,22.0,ACTUAL,,Universidade Federal do vale do São Francisco,
NCT00290940,"Evaluation of Glucose Lowering Effect, Safety and Tolerability of CS-917","Diabetes Mellitus, Type 2",PHASE2,COMPLETED,2006-01,,2007-04,400.0,ESTIMATED,,Daiichi Sankyo,United States
NCT04023344,Efficacy and Safety of Insulin Lispro Biphasic 25 Compared to Humalog® Mix 25 in Type 2 Diabetes Mellitus Patients,"Diabetes Mellitus, Type 2; Diabetes Mellitus",PHASE3,COMPLETED,2018-03-14,2019-01-15,2019-04-18,210.0,ACTUAL,,Geropharm,Russia
NCT04758364,Factors That Effect the Gait Speed in Diabetic Individuals Without Neuropathy,"Gait Disorder, Sensorimotor; Diabetes Mellitus, Type 2",,COMPLETED,2021-02-20,2021-03-12,2021-03-30,71.0,ACTUAL,,GULIN FINDIKOGLU,Turkey (Türkiye)
NCT02809963,Mineralocorticoid Receptor Antagonists in Type 2 Diabetes,Diabetes Type 2,PHASE4,COMPLETED,2015-11,2017-11,2017-11,140.0,ACTUAL,,Herlev Hospital,Denmark
NCT00532506,Phase II Dose-Finding Study of SK-0403 With Type 2 Diabetes Mellitus,Type 2 Diabetes Mellitus,PHASE2,COMPLETED,,,,,,,"Sanwa Kagaku Kenkyusho Co., Ltd.",Japan
NCT06290947,BFR Walking for Insulin and Aerobic Improvement in Type 2 Diabetes,Type 2 Diabetes Mellitus,NA,COMPLETED,2022-03-06,2023-12-20,2024-01-08,60.0,ACTUAL,,Arab American University (Palestine),Palestinian Territories
NCT06439758,Effects of First-Line Oral Hypoglycemics in Bone Markers of Treatment Naïve Saudi Adults With Type 2 Diabetes,Diabetes Type 2; Osteoporosis,PHASE4,UNKNOWN,2024-08-01,2025-08-01,2025-12-01,111.0,ESTIMATED,,King Saud University,
NCT04928248,"Design, Implementation and Evaluation of Scalable Decision Support for Diabetes Care","Diabetes Mellitus, Type 2; Diabetes Mellitus",NA,COMPLETED,2021-09-23,2022-09-22,2022-11-01,25915.0,ACTUAL,,University of Utah,United States
NCT00566215,Treatment of Type 2 Diabetes Mellitus by Duodenal Exclusion Associated With Omentectomy: Clinical and Hormonal Study,"Diabetes Mellitus, Type 2; Insulin Resistance; Obesity",PHASE1; PHASE2,TERMINATED,2007-07,2009-06,2009-06,6.0,ACTUAL,Benefit of duodenal exclusion alone less than expected for treatment of type 2 diabetes; an additional effect of combination with omentectomy not observed,"University of Campinas, Brazil",Brazil
NCT04426708,A Clinical Study to Access the Pharmacokinetics of HMS5552 in Hepatic Impaired Subjects and Healthy Volunteers,Type 2 Diabetes Mellitus,PHASE1,COMPLETED,2019-02-18,2020-07-03,2020-07-03,25.0,ACTUAL,,Hua Medicine Limited,China
NCT01094899,Abnormal Structure and Bone Density in Diabetes,Type 1 Diabetes; Type 2 Diabetes,NA,COMPLETED,2010-03-10,2014-07,2014-07-10,79.0,ACTUAL,,"Institut National de la Santé Et de la Recherche Médicale, France",France
NCT04524832,"Research Study Comparing New Tablets of Semaglutide in New Doses, in Healthy People","Diabetes Mellitus, Type 2",PHASE1,COMPLETED,2020-09-29,2022-02-25,2022-02-25,290.0,ACTUAL,,Novo Nordisk A/S,Germany
NCT00707993,Efficacy and Safety of Alogliptin Compared to Glipizide in Elderly Diabetics,Diabetes Mellitus,PHASE3,COMPLETED,2008-06,2010-08,2010-08,441.0,ACTUAL,,Takeda,Hungary; India; Israel; Mexico; Peru; Poland; Romania; Russia; South Africa; Ukraine; United States
NCT05180721,A Multi-level Intervention to Increase Access and Use of the Patient Portal,"Patient Education; Diabetes Mellitus, Type 2",NA,COMPLETED,2022-10-03,2024-07-02,2024-07-02,26.0,ACTUAL,,Yale University,United States
NCT03887416,Effect of Dapagliflozin on Nighttime Blood Pressure in Type 2 Diabetes,Type2 Diabetes,PHASE4,UNKNOWN,2019-04-12,2020-02,2020-02,225.0,ESTIMATED,,LM Diagnósticos S.L.,Spain
NCT01209416,The Effect of Pharmacological Antilipolysis on the Metabolic Effects of Ghrelin,Metabolism; Insulin Resistance; Hypopituitarism,NA,COMPLETED,2012-06,2014-10,2015-10,8.0,ESTIMATED,,University of Aarhus,Denmark
NCT03092752,Clinical Characteristics and Practice Patterns of Type 2 Diabetes Mellitus Patients Treated With OADs in Japan: Analysis of Medical and Health Care Database of the MDV,"Diabetes Mellitus, Type 2",,COMPLETED,2017-03-01,2017-03-01,2017-03-01,162116.0,ACTUAL,,Boehringer Ingelheim,Japan
NCT02535078,Phase 1b/2 Study of the Combination of IMCgp100 With Durvalumab and/or Tremelimumab in Advanced Cutaneous Melanoma,Malignant Melanoma,PHASE1; PHASE2,WITHDRAWN,2015-11,2023-06-19,2023-09-06,0.0,ACTUAL,,Immunocore Ltd,United States
NCT04532385,Effect of Green Tea Extract on Lipids in Patients With Type 2 Diabetes,"Diabetes Mellitus, Type 2; Dyslipidemias; Arterial Stiffness",NA,COMPLETED,2018-06-12,2019-01-14,2019-01-14,20.0,ACTUAL,,"Centro Universitario de Ciencias de la Salud, Mexico",Mexico
NCT00254085,Substitution of First Phase Insulin Response in Patient With Type 2 Diabetes.,Type 2 Diabetes,PHASE4,UNKNOWN,2005-03,,2006-03,20.0,,,"University Hospital, Gentofte, Copenhagen",Denmark
NCT05596747,A Study of LY3209590 in Chinese Participants With Type 2 Diabetes Mellitus,"Diabetes Mellitus, Type 2",PHASE1,COMPLETED,2022-11-30,2023-10-10,2023-10-10,31.0,ACTUAL,,Eli Lilly and Company,China
NCT02989649,Non-Interventional Study of the Use of Alogliptin and Alogliptin Fixed-Dose Combinations With Pioglitazone and With Metformin in Standard Clinical Practice,"Diabetes Mellitus, Type 2",,TERMINATED,2016-12-22,2018-01-26,2018-01-26,593.0,ACTUAL,Business Decision; No Safety Or Efficacy Concerns,Takeda,China; Hong Kong
NCT01220349,Alteration of Myocardial Deformations in Diabetes: Relationship to Micro-angiopathy,"Diabetes Mellitus, Type 1",NA,COMPLETED,2011-01,2012-10,2012-10,61.0,ACTUAL,,"University Hospital, Bordeaux",France
NCT02556840,Impact on Birth Weight of Two Therapeutic Strategies (Insulin Therapy From the Beginning of Pregnancy vs. Insulin Therapy Initiated According to Fetal Growth Evaluated by Ultrasonography Measurements) in Pregnant Women With Monogenic Diabetes,Maturity-Onset Diabetes of the Young,NA,COMPLETED,2016-04-25,2020-08-01,2020-12-09,46.0,ACTUAL,,Assistance Publique - Hôpitaux de Paris,France
NCT00437489,A Clinical Trial Comparing The Efficacy And Safety Of 2 Different Initial Dose Prescriptions For Exubera.,"Diabetes Mellitus, Type 2",PHASE4,TERMINATED,2007-06,2007-12,2007-12,49.0,ACTUAL,"This protocol was terminated not for safety reasons, but because Pfizer decided to return the worldwide rights for Exubera to Nektar, on 18 October 2007.",Pfizer,Hong Kong; Pakistan; Philippines; Singapore
NCT05256615,Exercise Timing and Gestational Diabetes,Pregnancy Related; Diabetes; Diabete Mellitus; Type 2 Diabetes; Pre-diabetes; Exercise,NA,COMPLETED,2020-01-01,2024-06-07,2024-06-07,41.0,ACTUAL,,University of Alberta,Canada
NCT00633425,Continuous Glucose Monitoring System (CGMS) in Type 2 Diabetic Patients Inadequately Controlled by Metformine Monotherapy; Analyze of Glycemic Profile Before and After Association of Glimepiride,Diabetes Mellitus,PHASE4,COMPLETED,2002-10,,2003-10,43.0,ACTUAL,,Sanofi,France
NCT07084350,Combination of Lactulose and Polyethylene Glycol Electrolytes Powder (PEG-ELS) for Bowel Preparation in Type II Diabetes Mellitus Patients,Type II Diabetes Mellitus,NA,COMPLETED,2025-09-04,2026-05-18,2026-05-18,300.0,ACTUAL,,General Hospital of Shenyang Military Region,China
NCT01277913,"The Effect of Supplementation With Two Different Doses of Vitamin D on Bone Mineral Density, Vitamin D Levels and Hand Grip Strength in Children With Diabetes Mellitus Type 1",Diabetes Mellitus Type 1,PHASE4,COMPLETED,2011-01,2013-11,2013-11,60.0,ACTUAL,,Medical University of Warsaw,Poland
NCT02152852,Peer Support for Achieving Independence in Diabetes,Type 2 Diabetes,NA,COMPLETED,2011-11,2015-04,2016-12,287.0,ACTUAL,,Public Health - Seattle and King County,
NCT02059538,Metagenomics and Integrative Systems Medicine of Cardiometabolic Diseases,Cardiometabolic Disease,NA,UNKNOWN,2013-06,2015-06,2016-06,2350.0,ESTIMATED,,Assistance Publique - Hôpitaux de Paris,Denmark; France; Germany
NCT02294526,A Sardine Diet Intervention Study to Assess Benefits to the Metabolic Profile in Type 2 Diabetes Mellitus Patients,Type 2 Diabetes,NA,COMPLETED,2012-11,2013-11,2013-11,35.0,ACTUAL,,Spanish Biomedical Research Centre in Diabetes and Associated Metabolic Disorders,
NCT03736785,A Study of LY3209590 in Participants With Type 2 Diabetes Mellitus,Type 2 Diabetes Mellitus,PHASE2,COMPLETED,2018-11-15,2020-02-18,2020-02-18,399.0,ACTUAL,,Eli Lilly and Company,Mexico; Puerto Rico; United States
NCT06385015,T-UP: Engaging Vulnerable Students in Diabetes Prevention,"Diabetes Mellitus, Type 2; PreDiabetes",NA,COMPLETED,2023-10-04,2024-08-31,2025-07-10,80.0,ACTUAL,,"University of California, Los Angeles",United States
NCT00824668,Comparison of Pharmacodynamics and Pharmacokinetics of Biphasic Insulin Aspart 30 and Insulin Glargine and Insulin Glulisine Therapy in Subjects With Type 2 Diabetes,"Diabetes; Diabetes Mellitus, Type 2",PHASE1,COMPLETED,2007-08,2007-10,2007-10,24.0,ACTUAL,,Novo Nordisk A/S,Germany
NCT04899791,Positive Effects of Daily Consumption of Bread Enriched With Hydroxytyrosol on the Results of a 12-week Dietary Intervention on Subjects With Type 2 Diabetes Mellitus and Overweight/ Obesity,Type 2 Diabetes Mellitus; Obesity,NA,COMPLETED,2021-05-24,2021-12-24,2022-01-14,60.0,ACTUAL,,Harokopio University,Greece
NCT02912455,CARAT: Canagliflozin vs. Placebo for Post Bariatric Patients With Persistent Type 2 Diabetes,"Diabetes Mellitus, Type 2; Obesity",PHASE4,TERMINATED,2017-01-05,2018-07-19,2018-07-19,16.0,ACTUAL,Study was terminated due to difficulty with reaching enrollment goals,The Cleveland Clinic,United States
NCT05767255,Risk of Hypoglycemia in the Transition From Inpatient to Outpatient Setting. Comparative Study of Basal-bolus Insulin Versus Basal Insulin Plus GLP-1 Analogue,"Diabetes Mellitus, Type 2 Treated With Insulin",PHASE3,UNKNOWN,2022-12-01,2023-08-30,2023-08-30,66.0,ESTIMATED,,Hospital Universitario San Ignacio,Colombia
NCT02305355,Efficacy and Safety of Prescription Omega-3 Fatty Acid Added to Stable Statin Therapy in Patients With Type 2 Diabetes and Hypertriglyceridemia,"Diabetes Mellitus, Type 2; Hypertriglycemia",PHASE4,COMPLETED,2009-02,2011-02,2011-02,68.0,ACTUAL,,"Kuhnil Pharmaceutical Co., Ltd.",South Korea
NCT00422955,Fluid Retention in Rosiglitazone Treated Subjects With Autonomic Neuropathy.,"Neuropathy, Diabetic",PHASE3,COMPLETED,2003-11,2005-10,2005-10,36.0,ACTUAL,,GlaxoSmithKline,Netherlands
NCT03058289,A Phase 1/2 Safety Study of Intratumorally Dosed INT230-6,Breast Cancer; Head and Neck Cancer; Squamous Cell Carcinoma; Lymphoma; Pancreatic Cancer; Liver Cancer; Colon Cancer; Lung Cancer; Bile Duct Cancer; Chordoma of Sacrum; Sarcoma,PHASE1; PHASE2,COMPLETED,2017-02-09,2023-02-22,2023-02-22,111.0,ACTUAL,,"Intensity Therapeutics, Inc.",Canada; United States
NCT07613489,Photobiomodulation for Diabetic Peripheral Neuropathy,Diabetic Peripheral Neuropathy; Diabetes Mellitus Type 2,NA,ACTIVE_NOT_RECRUITING,2026-02-01,2026-06-24,2026-06-24,36.0,ACTUAL,,University of Faisalabad,Pakistan
NCT02168491,Feasibility of Once/Daily Administered GLP/1 Receptoragonist (Lixisenatide) in Combination With Basal Insulin,Type 2 Diabetes Mellitus,PHASE3,COMPLETED,2014-11,2015-07,2015-08,10.0,ACTUAL,,Medical University of Vienna,Austria
NCT02920918,Treatment of Diabetes in Patients With Systolic Heart Failure,"Heart Failure, Systolic; Diabetes Mellitus, Type 2",PHASE4,COMPLETED,2016-10,2018-09,2018-09,36.0,ACTUAL,,Virginia Commonwealth University,United States
NCT02526810,Comparison of Glycaemic Fluctuation and Oxidative Stress Between Two Short-term Therapies for Type 2 Diabetes,"Diabetes Mellitus, Type 2",PHASE4,UNKNOWN,2015-07,2016-08,2016-09,70.0,ESTIMATED,,"Third Affiliated Hospital, Sun Yat-Sen University",China
NCT01906099,Effects of Legume Intake on Cardiovascular Risk Factors Among Adults at Risk for Diabetes,"Diabetes Mellitus, Type 2",NA,COMPLETED,2012-09,2013-01,2013-03,26.0,ACTUAL,,Isfahan University of Medical Sciences,Iran
NCT01064687,A Study in Participants With Type 2 Diabetes Mellitus,"Diabetes Mellitus, Type 2",PHASE3,COMPLETED,2010-02,2011-11,2012-05,978.0,ACTUAL,,Eli Lilly and Company,Argentina; Mexico; Puerto Rico; United States
NCT05088616,Native American Diabetes Project,"Diabetes; Diabete Type 2; Diabetes Mellitus, Type 1; Diabetes Mellitus, Type 2; Diabetes Type 1; Diabetes Mellitus",NA,TERMINATED,2021-10-28,2023-10-31,2023-10-31,53.0,ACTUAL,The study was stopped primarily due to challenges recruiting and retaining participants. The investigators repeatedly tried to address this issue but still faced major challenges. Follow-up research was done to explore this challenge further.,University of Southern California,United States
NCT06743048,"A Tissue Sparing, Laser Assisted Penile Prosthesis Implantation Technique",Erectile Dysfunction; Erectile Dysfunction Associated With Type 2 Diabetes Mellitus; Erectile Dysfunction Due to Arterial Disease; Erectile Dysfunction Due to Arterial Insufficiency; Erectile Dysfunction Due to Venous Disorder; Erectile Dysfunction Due to Neuropathy; Erectile Dysfunction Following Radical Prostatectomy,NA,COMPLETED,2022-07-01,2024-11-01,2024-11-30,7.0,ACTUAL,,Cairo University,Egypt
NCT05754008,Care Navigator Support for Younger Latinx Adults With Type 2 Diabetes,"Diabetes Mellitus, Type 2",NA,UNKNOWN,2023-03-31,2025-04-01,2025-12,204.0,ESTIMATED,,Kaiser Permanente,United States
NCT01964976,Alogliptin Tablets Special Drug Use Surveillance Type 2 Diabetes Mellitus: Combination Therapy With Biguanides,Surveillance,,COMPLETED,2011-07,2014-12,2014-12,1096.0,ACTUAL,,Takeda,Japan
NCT03842267,A Study to Evaluate the Efficacy and Safety of Gemigliptin in Type 2 Diabetes Who Have Inadequate GlycemIc Control With Dapagliflozin and Metformin (SOLUTION Study),"Diabetes Mellitus, Type 2",PHASE3,COMPLETED,2019-05-13,2021-05-20,2022-11-30,315.0,ACTUAL,,LG Chem,South Korea
NCT05298111,"Acute Effect of MMT Peel Powder on Glycemic Response, Satiety, and Food Intake in Adults at Risk for Type 2 Diabetes",At Risk of Type 2 Diabetes Mellitus,NA,COMPLETED,2021-10-01,2021-11-03,2021-11-03,36.0,ACTUAL,,Universiti Sultan Zainal Abidin,Malaysia
NCT03014011,Effects of Mild Hypoglycaemia on Cognitive Function in Type 2 Diabetes,"Diabetes Mellitus, Type II; Hypoglycemia; Cognitive Change",NA,COMPLETED,2017-06-13,2018-07-23,2018-07-24,28.0,ACTUAL,,Bispebjerg Hospital,Denmark
NCT05279911,Effect of Low-level Laser Therapy on Type II Controlled Diabetic Patients After Dental Implant Insertion,T2DM (Type 2 Diabetes Mellitus); Low-level Laser Therapy; Bone Density Increased,NA,COMPLETED,2021-03-03,2022-01-05,2022-01-22,40.0,ACTUAL,,Sinai University,Egypt
NCT00328536,Omacor for the Treatment of Vascular Dysfunction in Patients With Type 2 Diabetes Mellitus,Atherosclerosis; Type 2 Diabetes Mellitus,PHASE4,COMPLETED,2007-04,2008-11,2008-11,34.0,ESTIMATED,,Ruhr University of Bochum,Germany
NCT00529165,The Necessity of an Injection-Meal-Interval in Patients With Type 2 Diabetes Mellitus and Therapy With Human Insulin,Diabetes Mellitus Type 2,NA,COMPLETED,2007-07,2008-07,2009-01,100.0,ESTIMATED,,University of Jena,Germany
NCT07078565,"Tai Chi vs. Modified-Otago Exercises for Pain, Balance, and Motor Function in Diabetic Peripheral Neuropathy",Diabetic Peripheral Neuropathy (DPN); Type 2 Diabetes Mellitus (T2DM),NA,RECRUITING,2025-01-25,2025-11-30,2025-12-30,36.0,ESTIMATED,,Riphah International University,Pakistan
NCT03484689,MBCT for DM Distress: a Pilot Qusai-experimental Study,"Diabetes Mellitus, Type 2",NA,COMPLETED,2018-07-14,2018-11-30,2018-11-30,20.0,ACTUAL,,Chinese University of Hong Kong,Hong Kong
NCT00572650,Pharmacokinetic Study of LAF237 and Its Metabolites in Mild Renal Impaired Patients,Type 2 Diabetes Mellitus,PHASE1,COMPLETED,2007-10,2007-11,2007-11,29.0,ACTUAL,,Novartis,Germany
NCT03242018,"A Study to Evaluate Safety and Effects of Sotagliflozin 400 and 200 mg on Glucose Control in Participants With Type 2 Diabetes, Severe Impairment of Kidney Function and Inadequate Blood Sugar Control",Type 2 Diabetes Mellitus; Chronic Kidney Disease Stage 4,PHASE3,COMPLETED,2017-08-16,2019-05-16,2019-12-11,277.0,ACTUAL,,Lexicon Pharmaceuticals,Argentina; Brazil; Colombia; Germany; Hungary; Israel; Italy; Mexico; Poland; Romania; Russia; South Africa; Spain; Ukraine; United States
NCT02919397,Motivational Instant Messaging and E-diabetes Prevention Programme for High Risk of Type 2 Diabetes,Pre-diabetes,NA,COMPLETED,2016-10-01,2018-05-25,2018-07-12,200.0,ACTUAL,,King's College London,
NCT04335513,Trial of Early Initiation of CGM-Guided Insulin Therapy in Stage 2 T1D,Type 1 Diabetes; Prediabetic State; Dysglycemia; Autoimmune Diabetes,NA,UNKNOWN,2020-04-30,2023-07-31,2023-07-31,84.0,ESTIMATED,,"University of Colorado, Denver",United States
NCT02581488,Use of Santyl in Diabetic Foot Ulcers,"Diabetic Foot; Foot Ulcer, Diabetic",PHASE4,COMPLETED,2015-10,2017-01-12,2017-01-12,102.0,ACTUAL,,"Smith & Nephew, Inc.",Canada; United States
NCT01833403,Metabolomic Analysis of Hepatic Insulin Resistance,Type 2 Diabetes; Obesity,NA,COMPLETED,2013-04,2014-03,2014-03,4.0,ACTUAL,,University of Minnesota,United States
NCT00427154,Effect of Inhaled Pre-prandial Human Insulin on Blood Glucose Control in Type 2 Diabetes,"Diabetes; Diabetes Mellitus, Type 2",PHASE3,TERMINATED,2007-01-10,2008-03-11,2008-03-11,227.0,ACTUAL,See termination reason in detailed description,Novo Nordisk A/S,United States
NCT00094796,Rosiglitazone to Reverse Metabolic Defects in Diabetes,"Diabetes Mellitus, Type II; Insulin Resistance",PHASE2,COMPLETED,2004-10-20,,2008-09-03,70.0,,,"National Heart, Lung, and Blood Institute (NHLBI)",United States
NCT04938869,Continuous Glucose Monitor Application After Hospital Discharge for the Improvement of Outcomes in Patients With Poorly Controlled Type 2 Diabetes and Active Cancer,Hematopoietic and Lymphoid System Neoplasm; Malignant Solid Neoplasm; Type 2 Diabetes Mellitus,NA,COMPLETED,2021-10-05,2022-02-17,2022-02-17,3.0,ACTUAL,,Ohio State University Comprehensive Cancer Center,United States
NCT00863954,Application of Magnetic Fields as Adjunctive Treatment for Type II Diabetes,Type II Diabetes Mellitus,PHASE1,COMPLETED,2009-01,2009-11,2009-11,60.0,ESTIMATED,,"pico-tesla Magnetic Therapies, LLC",United States
NCT03722199,"Effects of Flavanoids in Essential Hypertension, Type 2 Diabetes and Healthy Persons","Vascular Complications, Diabetic",NA,COMPLETED,2018-09-01,2021-03-20,2021-03-20,43.0,ACTUAL,,University Ghent,Belgium
NCT02592421,SGLT2 Inhibition and Stimulation of Endogenous Glucose Production: Protocol 2,Type II Diabetes Mellitus,PHASE3,COMPLETED,2015-10-23,2018-10-01,2019-10-31,30.0,ACTUAL,,The University of Texas Health Science Center at San Antonio,United States
NCT01153516,Diabetes and Gastric By- Pass,Type 2 Diabetes,,COMPLETED,2010-06,2012-12,2012-12,22.0,ACTUAL,,University of Texas Southwestern Medical Center,United States
NCT06059833,Serum Magnesium Level in Type 2 Diabetes Mellitus,Diabetes Mellitus,,UNKNOWN,2023-09,2024-09,2024-09,120.0,ESTIMATED,,Sohag University,Egypt
NCT04807348,Chiglitazar Added to Metformin for Type 2 Diabetes,Type 2 Diabetes,PHASE3,COMPLETED,2021-07-06,2023-02-10,2023-02-10,533.0,ACTUAL,,"Chipscreen Biosciences, Ltd.",China
NCT00717158,Lifestyle Intervention's Impact on Health Care Costs,"Diabetes Mellitus, Type 2; Obesity",NA,COMPLETED,2001-05,2003-02,2003-02,147.0,ACTUAL,,University of Virginia,United States
NCT00754143,Phase 1 Study of FG-3019 in Subjects With Type 1 or Type 2 Diabetes Mellitus and Diabetic Nephropathy,Diabetes Mellitus; Diabetic Nephropathy,PHASE1,COMPLETED,2008-03,2009-12,2009-12,38.0,ACTUAL,,Kyntra Bio,United States
NCT02505321,for Adipose Tissue DIabetes VAriants (fATDIVA),Diabetes Mellitus,NA,COMPLETED,2015-05-29,2017-10-31,2017-10-31,304.0,ACTUAL,,Royal Devon and Exeter NHS Foundation Trust,United Kingdom
NCT00949221,Study of Insulin Therapy Augmented by Real Time Sensor IN Type 1 Children and Adolescents (START-IN!),Type 1 Diabetes,PHASE2; PHASE3,COMPLETED,2009-09,2012-07,2012-07,150.0,ACTUAL,,Assistance Publique - Hôpitaux de Paris,France
NCT05253521,The Role of South Asian vs European Origins on Circulating Regenerative Cell Exhaustion,Diabetes; Type 1 Diabetes; Type 2 Diabetes; Ischemic Heart Disease; Ischemic Stroke; Cardiovascular Diseases; Peripheral Vascular Diseases,,COMPLETED,2022-01-08,2023-01-18,2023-01-18,120.0,ACTUAL,,Canadian Medical and Surgical Knowledge Translation Research Group,Canada
NCT00361738,Dose-Ranging Study Evaluating AVE2268 in Patients With Type 2 Diabetes Not Adequately Controlled by a Metformin Treatment,Type 2 Diabetes Mellitus,PHASE2,COMPLETED,2006-07,2008-01,2008-01,317.0,ACTUAL,,Sanofi,Argentina; Australia; Belgium; Chile; Denmark; France; Germany; Italy; Netherlands; Poland; South Africa
NCT01907958,Management of Albuminuria in Hypertensive Diabetics,Microalbuminuria; Hypertension; Type 2 Diabetes,,UNKNOWN,2013-04,2014-06,2014-06,280.0,ESTIMATED,,"Medpharmgene, Inc.",Canada
NCT04607915,Technology-enabled Collaborative Care for Diabetes Management During COVID-19,Type 2 Diabetes,NA,COMPLETED,2021-05-04,2022-06-30,2022-06-30,31.0,ACTUAL,,Centre for Addiction and Mental Health,Canada
NCT02985099,1.2% Rosuvastatin Subgingivally Delivered In Chronic Periodontitis With Type 2 Diabetes Mellitus,Chronic Periodontitis; Type2 Diabetes,PHASE2; PHASE3,COMPLETED,2015-11,2016-07,2016-07,80.0,ACTUAL,,"Government Dental College and Research Institute, Bangalore",India
NCT05468632,A Study in North Macedonia Investigating Retrospective Data of Glucagon-like Peptide-1 (GLP-1) Participants With Type 2 Diabetes (T2D) in Real World Environment (RWE) Setting (MIRAGE),"Diabetes Mellitus, Type 2",,COMPLETED,2022-07-05,2022-07-31,2022-07-31,314.0,ACTUAL,,Novo Nordisk A/S,North Macedonia
NCT06361238,Liraglutide in Preventing Delirium in Diabetic Elderly After Cardiac Surgery,"Delirium, Postoperative",PHASE3,RECRUITING,2024-11-19,2027-03-31,2028-03-31,260.0,ESTIMATED,,The Affiliated Nanjing Drum Tower Hospital of Nanjing University Medical School,China
NCT04104243,Power-Up: An Effectiveness Trial of the Diabetes Prevention Program,Type 2 Diabetes; Pre-Diabetes,NA,COMPLETED,2021-08-09,2025-02-07,2025-02-07,301.0,ACTUAL,,Albert Einstein College of Medicine,United States
NCT05647226,Digital Diabetes Remission Trial,"Diabetes Mellitus, Type 2",NA,COMPLETED,2022-01-09,2024-07-30,2024-07-30,100.0,ACTUAL,,Habitual Health Ltd,United Kingdom
NCT01316835,Effectiveness of Sitagliptin in Glycemic Control in Real World,Type 2 Diabetes Mellitus,,UNKNOWN,2010-12,2011-12,2011-12,1120.0,ESTIMATED,,Chang Gung Memorial Hospital,Taiwan
NCT07675187,HCC Risk and Monitoring in Patients With Type 2 Diabetes,Type 2 Diabetes (T2DM); Hepatocellular Carcinoma (HCC),NA,NOT_YET_RECRUITING,2026-07-01,2028-12-31,2030-12-31,2400.0,ESTIMATED,,National Taiwan University Hospital,Taiwan
NCT02771093,An Exploratory Study of the Effects of Trelagliptin and Alogliptin on Glucose Variability in Patients With Type 2 Diabetes Mellitus,Type 2 Diabetes Mellitus,PHASE4,COMPLETED,2016-09-08,2017-04-27,2017-04-27,27.0,ACTUAL,,Takeda,Japan
NCT02674893,Effect of Victoza on Dietary Preferences and Habit in Patients With Type 2 Diabetes,Type 2 Diabetes; Overweight,PHASE4,TERMINATED,2014-02-04,2016-08-31,2016-08-31,48.0,ACTUAL,"Exploratory protocol, convincing results, robust analysis",Centre Hospitalier Universitaire Dijon,France
NCT05609747,Effect of NSRCT on HbA1c and Inflammatory Markers in Healthy and Type 2 Diabetes Patients With Apical Periodontitis,PERIAPICAL LESIONS,NA,UNKNOWN,2021-12-27,2022-12-27,2022-12-30,62.0,ACTUAL,,Postgraduate Institute of Dental Sciences Rohtak,India
NCT01823458,Behavioral Economics Incentives for Health Management,Type 2 Diabetes; Obesity,NA,COMPLETED,2012-04,2014-08,2014-08,152.0,ACTUAL,,University of Southern California,United States
NCT03212755,Serum Immunoglobulin (G) as a Marker of Diabetic Nephropathy,Diabetic Nephropathies,NA,UNKNOWN,2017-08,2019-06,2019-12,75.0,ESTIMATED,,Assiut University,
NCT02648685,The Study to Investigate the Contribution of Basal and Postprandial Glucose to Overall Hyperglycemia in T2DM,"Diabetes, Type 2",,COMPLETED,2015-11-30,2019-12-28,2019-12-31,337.0,ACTUAL,,West China Hospital,China
NCT04838743,GOAL: A Research Study Looking at Long Term Blood Sugar Control in People With Type 2 Diabetes Treated With Xultophy® in Local Clinical Practice in Japan.,"Diabetes Mellitus, Type 2",,COMPLETED,2021-04-23,2022-10-26,2022-10-26,244.0,ACTUAL,,Novo Nordisk A/S,Japan
NCT05280925,Episodic Future Thinking to Improve Management of Type 2 Diabetes: Remote Delivery and Outcomes Assessment,Type 2 Diabetes; Overweight and Obesity,NA,COMPLETED,2022-07-20,2025-01-15,2025-04-15,137.0,ACTUAL,,Virginia Polytechnic Institute and State University,United States
NCT03428308,Detection and Treatment of Somatic Disease in Patients With Severe Mental Disease,"Ischemia; Cardiac Insufficiency; Diabetes Mellitus, Type 2; Hypertension; Hypercholesterolemia; Severe Mental Disorder",NA,UNKNOWN,2018-04,2019-04,2019-12,90.0,ESTIMATED,,Intersectoral Research Unit for Health Services,
NCT03224234,A Randomized Study to Evaluate the Efficacy of Insulclock® in Patients With Uncontrolled Type 2 Diabetes,Diabetes,NA,COMPLETED,2017-11-29,2019-09-18,2019-09-18,121.0,ACTUAL,,Emory University,United States
NCT07198932,Cofrogliptin and Linagliptin as add-on Therapy to Insulin in Type 2 Diabetes,Type 2 Diabetes,,NOT_YET_RECRUITING,2025-10-01,2027-07-31,2027-12-31,594.0,ESTIMATED,,Yanbing Li,China
NCT02682563,Renoprotective Effects of Dapagliflozin in Type 2 Diabetes,"Diabetes Mellitus, Type 2; Diabetic Nephropathies",PHASE4,COMPLETED,2016-02,2018-09,2018-09,44.0,ACTUAL,,M.H.H. Kramer,Netherlands
NCT00202033,Impact of Self-Monitoring Blood Glucose Frequency on Glycemic Control in Patients With Type 2 Diabetes,Type 2 Diabetes,PHASE4,COMPLETED,2004-09,2009-05,2009-05,150.0,ACTUAL,,HealthPartners Institute,United States
NCT02846233,Stepping-down Approach in Patients With Chronic Poorly-controlled Diabetes on Advanced Insulin Therapy?,Type 2 Diabetes Mellitus,NA,COMPLETED,2016-08,2018-12,2018-12,22.0,ACTUAL,,"University of California, San Francisco",United States
NCT01444248,Compare the Compliance of Patients Treated With Once-daily (od) or Twice-daily (Bid) Glimepiride and Metformin Fixed Combination Therapy,Type 2 Diabetes Mellitus,PHASE4,COMPLETED,2010-08,2011-12,2012-05,168.0,ACTUAL,,Handok Inc.,South Korea
NCT00736515,Study of Combination Therapy of Gliclazide MR and Basal Insulin Versus Insulin Monotherapy to Treat Type 2 Diabetes,Type 2 Diabetes,PHASE4,COMPLETED,2008-10,2011-08,2011-08,160.0,ACTUAL,,Servier (Tianjin) Pharmaceutical Co. LTD.,China
NCT00298844,Prevalence of Macrovascular Disease in Type 2 Diabetes Mellitus,Type 2 Diabetes Mellitus,,UNKNOWN,2006-01,,2010-01,350.0,,,Odense University Hospital,Denmark
NCT01059799,Comparison of NN1250 Versus Insulin Glargine in Subjects With Type 2 Diabetes,"Diabetes; Diabetes Mellitus, Type 2",PHASE3,COMPLETED,2010-02-01,2010-12-16,2010-12-16,435.0,ACTUAL,,Novo Nordisk A/S,Hong Kong; Japan; Malaysia; South Korea; Taiwan; Thailand
NCT01105858,Molecular and Clinical Profile of Diabetes Mellitus and Its Complications,"Diabetes Mellitus, Type 2; Diabetic Nephropathy; Obesity",,SUSPENDED,2010-11-16,,,2310.0,ACTUAL,Recruitment temporarily paused.,National Institute of Diabetes and Digestive and Kidney Diseases (NIDDK),United States
NCT01143948,Various Insulin Regimens for Diabetic Inpatients With Cirrhosis Trial,Type 2 Diabetes; Liver Cirrhosis,PHASE4,UNKNOWN,2011-01,2011-04,2011-05,45.0,ESTIMATED,,Cairo University,Egypt
NCT02320526,Interval-training in Type 2 Diabetics,"Diabetes Mellitus, Type 2",NA,COMPLETED,2014-11,2016-02,2016-04,14.0,ACTUAL,,"Rigshospitalet, Denmark",Denmark
NCT02488785,Impact of a Virtual Diabetes Self-Care and Education Program on Diabetes-related Outcomes in Latinos With T2 Diabetes,Type 2 Diabetes Mellitus,NA,COMPLETED,2015-06,2017-03-31,2017-11-30,96.0,ACTUAL,,Joslin Diabetes Center,United States
NCT03249610,Randomized Control Trial for Overweight Employees in Worksites,"Diabetes Mellitus, Type 2; Metabolic Syndrome; Lifestyle Risk Reduction",NA,COMPLETED,2014-03-11,2017-03-12,2017-06-15,300.0,ACTUAL,,"Diabetes Foundation, India",
NCT00194259,Sleep Apnea in Look AHEAD (Action for Health in Diabetes),Obstructive Sleep Apnea; Type 2 Diabetes,,UNKNOWN,2001-08,2014-06,2014-06,320.0,ESTIMATED,,Temple University,United States
NCT05380596,TelePharmaceutical Care Diabetes Trial,Diabete Mellitus; Diabete Type 2; Telemedicine; Telehealth,NA,UNKNOWN,2022-06-01,2023-01,2023-01,124.0,ESTIMATED,,Rio Grande do Sul State Health Department - SES/RS,Brazil
NCT03553862,Collaborative Care Model on Type 2 Diabetic Patients,Type2 Diabetes,NA,COMPLETED,2018-05-11,2020-03-14,2020-05-02,255.0,ACTUAL,,National University of Singapore,Singapore
NCT02587286,Gather mHealth India RCT for Behavior and Health Outcomes,"Diabetes Mellitus, Type 2",NA,COMPLETED,2015-03,2015-12,2015-12,91.0,ACTUAL,,Gather Health India,
NCT06518486,Foot-Ankle Exercise and Walking Exercise on Diabetes Mellitus Patients,"Diabetic Foot; Diabetes Mellitus, Type 2; Diabetic Neuropathies; Diabetes Type 2; Diabetes; Diabetes Mellitus; Diabetes Complications",NA,COMPLETED,2024-10-04,2025-01-15,2025-01-15,375.0,ACTUAL,,Taipei Medical University,Indonesia
NCT02530840,Improving Adherence and Commitment to Treatment in Diabetic Patients,Type 2 Diabetes,NA,UNKNOWN,2014-07,2018-02,2018-03,500.0,ESTIMATED,,Clalit Health Services,Israel
NCT01228240,The Efficacy of Metformin Produced by Pars Mino Co in Comparison With Canadian Apotex Co.,"Diabetes Mellitus, Type 2 AND Metformin",PHASE4,COMPLETED,2008-12,2009-07,2009-09,18.0,ACTUAL,,Zanjan University of Medical Sciences,
NCT02033889,A Study To Evaluate The Efficacy And Safety Of Ertugliflozin In Participants With Type 2 Diabetes Mellitus And Inadequate Glycemic Control On Metformin Monotherapy (MK-8835-007).,Type 2 Diabetes Mellitus,PHASE3,COMPLETED,2013-12-13,2017-08-03,2017-08-03,621.0,ACTUAL,,Merck Sharp & Dohme LLC,
NCT03363360,Comprehensive Awareness and Control in Diabetes Patients in China Jiangxi: A Cross-Sectional Survey,"To Assess the Level of Control of Blood Glucose, Blood Pressure, and Blood Lipids Among Patients With Type 2 Diabetes in Jiangxi Province",,UNKNOWN,2016-12-01,2018-12-31,2018-12-31,2000.0,ESTIMATED,,Second Affiliated Hospital of Nanchang University,China
NCT04166760,Metabolic Effects of Whey Compounds in Patients With Diabetes Mellitus Type 2.,"Diabetes Mellitus, Type 2",NA,COMPLETED,2020-01-06,2020-06-17,2020-06-24,16.0,ACTUAL,,University of Aarhus,Denmark
NCT03541096,Winter-Swimming and Brown Adipose Tissue Activity in Middel-aged Obese Subjects (WinterBAT).,"Adipose Tissue, Brown; Brown Adipose Tissue; Uncoupling Protein 1; Cold Exposure; Obesity; Type 2 Diabetes Mellitus; Winter Swimming",NA,ACTIVE_NOT_RECRUITING,2018-11-07,2021-06-01,2025-12-31,30.0,ACTUAL,,Kristian Karstoft,Denmark
NCT01600924,Study on the Assessment of Determinants of Muscle and Bone Strength Abnormalities in Diabetes,Type 1 Diabetes; Type 2 Diabetes,,ACTIVE_NOT_RECRUITING,2016-09,2025-09,2026-09,1018.0,ACTUAL,,"Metabolic Fitness Association, Italy",Italy
NCT05838586,Sex Differences in the effecTs of brEaking uP Sedentary Behavior on vascUlar Function in Type 2 Diabetes,Type 2 Diabetes; Cardiovascular Diseases,NA,COMPLETED,2023-07-31,2025-08-18,2025-08-18,34.0,ACTUAL,,University of Minnesota,United States
NCT05948969,Transform CV Risk in Diabetes,Type 2 Diabetes,NA,UNKNOWN,2023-09-01,2024-07-01,2024-12-31,750.0,ESTIMATED,,American College of Cardiology,United States
NCT05714683,Regulatory Post Marketing Surveillance (rPMS) Study of Rybelsus (Oral Semaglutide) to Evaluate Safety and Effectiveness in Patients With Type 2 Diabetes Mellitus in Routine Clinical Practice in Korea,"Diabetes Mellitus, Type 2",,NOT_YET_RECRUITING,2025-12-31,2026-10-30,2026-10-30,600.0,ESTIMATED,,Novo Nordisk A/S,
NCT04012983,Possible Role of Gingival Crevicular Fluid Levels of Chemerin and Fibroblast Growth Factor 21 as Biomarkers of Periodontal Disease in Diabetic and Non-diabetic Patients,"Periodontal Disease (Diagnosis); Diabetes Mellitus, Type 2",,COMPLETED,2018-03-01,2018-08-01,2018-09-01,45.0,ACTUAL,,Cairo University,Egypt
NCT00941954,Walking Away: Structured Education Versus Written Information for Individuals With High Risk of Developing Type 2 Diabetes,Diabetes,NA,COMPLETED,2009-09,2014-01,2014-01,833.0,ACTUAL,,"University Hospitals, Leicester",United Kingdom
NCT01659294,Diabetes Outcomes and Nurse Case Manager Study,Type 2 Diabetes,NA,COMPLETED,2012-08,2015-02,2015-02,140.0,ACTUAL,,BCDiabetes.Ca,Canada
NCT01942694,Vitamin D and Type 2 Diabetes Study,Prediabetes; Type 2 Diabetes,NA,COMPLETED,2013-10,2018-11,2018-11,2423.0,ACTUAL,,Tufts Medical Center,United States
NCT04763525,"Efficacy of Pythagorean Self-Awareness for Aging Biomarkers Improvement, in T2D Patients and Healthy Individuals.",Type 2 Diabetes Mellitus; Telomere Shortening,NA,COMPLETED,2018-10-04,2019-11-26,2019-11-26,48.0,ACTUAL,,National and Kapodistrian University of Athens,Greece
NCT01545791,Observational Study to Evaluate the Safety of Levemir® in Patients With Diabetes,"Diabetes; Diabetes Mellitus, Type 1; Diabetes Mellitus, Type 2",,COMPLETED,2006-05,2008-02,2008-02,1037.0,ACTUAL,,Novo Nordisk A/S,Ireland; United Kingdom
NCT05628090,A Study of an Existing Database to Assess the Treatment Persistence to Basal Insulin in Type 2 Diabetes Mellitus Patients in a Structured Patient Education Program in India,Type 2 Diabetes Mellitus (T2DM),,COMPLETED,2022-11-30,2023-12-29,2023-12-29,47885.0,ACTUAL,,Sanofi,France
NCT04733690,METABOLIC CHARACTERISTICS OF A NOVEL COMMON BEAN PRODUCT,Type 2 Diabetes,,UNKNOWN,2021-02-04,2021-03-31,2021-03-31,30.0,ESTIMATED,,Jomo Kenyatta University of Agriculture and Technology,
NCT00336310,"A Double-Blind, Randomized, Parallel, Comparative Study to Evaluate the Efficacy and Safety of an Antidiabetic Agent Repaglinide for the Treatment of Type 2 Diabetes Mellitus Patients","Diabetes Mellitus, Type 2",PHASE4,UNKNOWN,2006-07,,,50.0,,,National Cheng-Kung University Hospital,Taiwan
NCT07271160,The Effect of Aromatherapy Foot Massage on Neuropathic Pain in Patients With Type2 Diabetes,Type 2 Diabetes Mellitus (T2DM); Neuropathic Pain,NA,NOT_YET_RECRUITING,2025-12-01,2025-12-31,2026-05-15,78.0,ESTIMATED,,TC Erciyes University,Turkey (Türkiye)
NCT07280780,CGM-Based Glycemic Analysis After ESI,Type 2 Diabetes (T2DM); Hyperglycemia; Radicular Pain; Spinal Stenosis; Intervertebral Disc Herniation,,NOT_YET_RECRUITING,2026-08-05,2026-12-20,2026-12-31,36.0,ESTIMATED,,Korea University Anam Hospital,South Korea
NCT02655627,Internet Based Exercise Training in Type 2 Diabetes,Type 2 Diabetes,NA,COMPLETED,2015-04,2016-06,2016-09-01,61.0,ACTUAL,,Biruni University,Turkey (Türkiye)
NCT03684642,Efficacy and Safety of Efpeglenatide Versus Dulaglutide in Patients With Type 2 Diabetes Mellitus Inadequately Controlled With Metformin,Type 2 Diabetes Mellitus,PHASE3,TERMINATED,2018-09-26,2020-10-13,2020-11-17,908.0,ACTUAL,"Sponsor decision to cancel TRIAL, not related to safety concern.",Sanofi,Hungary; Poland; Ukraine; United States
NCT00479973,The Anti-Diabetic and Cholesterol-Lowering Effects of Cinnamon and Cassia Bark,Type 2 Diabetes; Hypercholesterolemia,PHASE2,UNKNOWN,2007-09,,2008-05,70.0,ESTIMATED,,"University Health Network, Toronto",Canada
NCT01202266,A Multiple Dose Study Of PF-05161704 In Healthy Volunteers,"Diabetes Mellitus, Type 2",PHASE1,TERMINATED,2010-08,2010-12,2010-12,32.0,ACTUAL,"The study was terminated on October 29, 2010 due to gastrointestinal adverse events.",Pfizer,United States
NCT02928666,Integration of Guidelines for Comorbidities,"Type 2 Diabetes Mellitus; Lung Diseases, Obstructive; Osteoporosis; Hypertension; Osteoarthritis",NA,UNKNOWN,2018-10,2019-07,2019-09,30.0,ESTIMATED,,Rambam Health Care Campus,
NCT00540462,Prospective Randomized Trials of Gastric Bypass Surgery in Patients With Type II Diabetes Mellitus,Type II Diabetes Mellitus,PHASE4,UNKNOWN,2007-08,2008-08,2008-12,120.0,ESTIMATED,,Min-Sheng General Hospital,Taiwan
NCT00395746,Effect of Liraglutide in Combination With Sulfonylurea (SU) on Blood Glucose Control in Subjects With Type 2 Diabetes,"Diabetes; Diabetes Mellitus, Type 2",PHASE3,COMPLETED,2006-10,2007-10,2008-05,264.0,ACTUAL,,Novo Nordisk A/S,Japan
NCT03921203,ApoB48 Metabolism in Plasma and Interstitial Fluid,"Diabetes Mellitus, Type 2",,COMPLETED,2019-04-17,2021-12-01,2022-12-31,22.0,ACTUAL,,Karolinska University Hospital,Sweden
NCT04957173,Intensive Lifestyle Intervention in Patients With Insulin-treated Type 2 Diabetes: a Pilot Project,Type 2 Diabetes Treated With Insulin,NA,WITHDRAWN,2021-10-14,2023-07-30,2023-07-30,0.0,ACTUAL,"Recruitment was difficult, and the investigator decided to close the study.",Centre hospitalier de l'Université de Montréal (CHUM),
NCT07064473,"EASi-PROTKT™ - A Study to Test Vicadrostat (BI 690517) Taken Together With Empagliflozin in People With Type 2 Diabetes, High Blood Pressure, and Cardiovascular Disease","Diabetes Mellitus, Type 2; Hypertension; Cardiovascular Diseases",PHASE3,RECRUITING,2025-07-22,2029-12-14,2029-12-21,11800.0,ESTIMATED,,Boehringer Ingelheim,Argentina; Australia; Austria; Belgium; Brazil; Bulgaria; Canada; Chile; China; Colombia; Croatia; Czechia; Denmark; Finland; France; Germany; Greece; Hong Kong; Hungary; India; Ireland; Israel; Italy; Japan; Latvia; Lithuania; Malaysia; Mexico; Netherlands; New Zealand; Norway; Philippines; Poland; Portugal; Puerto Rico; Romania; Saudi Arabia; Serbia; Singapore; Slovakia; South Africa; South Korea; Spain; Sweden; Switzerland; Taiwan; Thailand; Turkey (Türkiye); United Kingdom; United States; Vietnam
NCT00641056,Efficacy of Exenatide Once Weekly and Once-Daily Insulin Glargine in Patients With Type 2 Diabetes Treated With Metformin Alone or in Combination With Sulfonylurea (DURATION - 3),Type 2 Diabetes Mellitus,PHASE3,COMPLETED,2008-04,2009-05,2009-11,467.0,ACTUAL,,AstraZeneca,Australia; Belgium; Czechia; Denmark; France; Germany; Greece; Hungary; Mexico; Netherlands; Puerto Rico; Russia; South Korea; Spain; Taiwan; United States
NCT02479022,"A Trial Investigating the Safety, Tolerability, Pharmacokinetics and Pharmacodynamics of Insulin 320 in Healthy Subjects","Diabetes; Diabetes Mellitus, Type 2; Healthy",PHASE1,COMPLETED,2015-06,2015-12,2015-12,84.0,ACTUAL,,Novo Nordisk A/S,Germany
NCT03714451,Investigating the Effect of Onyx Sorghum on Blood Glucose in Individuals With Type 2 Diabetes,Diabetes Type 2,NA,COMPLETED,2018-11-01,2022-12-20,2022-12-30,24.0,ACTUAL,,Yale University,United States
NCT02472951,Cut Down on Carbohydrate Usage in the Diet of Type 2 Diabetes - Mechanisms of Effective Therapy of Diabetes by Selective Choice of Macronutrients - The Phenotype Study,Type 2 Diabetes,NA,COMPLETED,2015-08,2017-12,2017-12,30.0,ACTUAL,,Bispebjerg Hospital,Denmark
NCT05170880,Effect of Primary Non-surgical Endodontic Therapy on Glycaemic Control in Type 2 Diabetic Patients With Asymptomatic Apical Periodontitis,Diabete Type 2; Apical Periodontitis,NA,COMPLETED,2019-02-11,2019-08-30,2019-08-30,30.0,ACTUAL,,Postgraduate Institute of Dental Sciences Rohtak,India
NCT03993379,PROCLAIM: CX-072-002: Study of PD-L1 Probody Therapeutic CX-072 in Combination With Other Anticancer Therapy in Adults With Solid Tumors,Solid Tumor; Unresectable or Metastatic Melanoma,PHASE2,TERMINATED,2019-11-20,2020-05-21,2020-05-21,3.0,ACTUAL,Sponsor's Decision,CytomX Therapeutics,Australia; Netherlands; South Korea; Spain; United States
NCT01984762,Sleeve Gastrectomy and Roux-en-Y Gastric Bypass in the Treatment of Type 2 Diabetes Mellitus.,Obesity; Type 2 Diabetes; Bariatric Surgery,NA,RECRUITING,2012-09,2025-10-01,2025-10-10,134.0,ESTIMATED,,Göteborg University,Sweden
NCT05143827,Glycemic Index of Pasta From Traditional and Current Wheat Varieties,Diabetes Type 2,NA,UNKNOWN,2021-11-20,2022-08-31,2022-09-30,30.0,ESTIMATED,,Azienda Ospedaliero-Universitaria Careggi,Italy
NCT04865770,"A Research Study to Find Out How Semaglutide Works in the Kidneys Compared to Placebo, in People With Type 2 Diabetes and Chronic Kidney Disease (the REMODEL Trial)","Diabetes Mellitus, Type 2; Chronic Kidney Disease",PHASE3,COMPLETED,2021-04-28,2024-11-21,2024-11-21,106.0,ACTUAL,,Novo Nordisk A/S,Canada; Denmark; France; Italy; Poland; South Africa; Spain; United States
NCT00670683,Observational Study of Patients With Diabetes Using Levemir® FlexPen®,"Diabetes; Diabetes Mellitus, Type 1; Diabetes Mellitus, Type 2",,COMPLETED,2007-07,2009-09,2009-09,797.0,ACTUAL,,Novo Nordisk A/S,South Korea
NCT07606066,A Study to Identify and Characterize Patients With Type 2 Diabetes Mellitus for Possible Participation in Ongoing or Future Type 2 Diabetes Mellitus Clinical Studies,Type 2 Diabetes,,RECRUITING,2026-05-06,2027-03-31,2027-03-31,2150.0,ESTIMATED,,AstraZeneca,Brazil; Hungary; India; Malaysia; Poland; Turkey (Türkiye); United States
NCT05348122,A Study of TG103 Injection in Type 2 Diabetes Subjects,Type 2 Diabetes Mellitus,PHASE2,UNKNOWN,2022-06-15,2023-11-01,2023-11-01,240.0,ESTIMATED,,"CSPC Baike (Shandong) Biopharmaceutical Co., Ltd.",China
NCT02456922,A Performance Evaluation of the Harmony 1 Sensors in Adults and Pediatrics,Type 1 Diabetes; Type 2 Diabetes,NA,WITHDRAWN,2018-07,2018-12,2018-12,0.0,ACTUAL,For administraive reasons,"Medtronic MiniMed, Inc.",
NCT00805922,"A Survey to Evaluate Diabetes Management, Control, Chronic Complications, Psychosocial Aspects of Diabetic Subjects in Thailand","Diabetes; Diabetes Mellitus, Type 1; Diabetes Mellitus, Type 2",,COMPLETED,2008-12,2009-09,2009-09,2342.0,ACTUAL,,Novo Nordisk A/S,Thailand
NCT01650129,Safety and Efficacy of Biphasic Insulin Aspart 50 in Subjects With Type 2 Diabetes,"Diabetes; Diabetes Mellitus, Type 2",PHASE3,COMPLETED,2000-12-13,2001-10-18,2001-10-18,83.0,ACTUAL,,Novo Nordisk A/S,Japan
NCT01346046,Evaluation of SCOUT DS in Subjects With Type 2 Diabetes #2,"Diabetes Mellitus, Non-Insulin Dependent",,COMPLETED,2011-05,2011-08,2011-08,264.0,ESTIMATED,,"VeraLight, Inc.",United States
NCT00842556,Pharmacokinetic Drug Interaction Study of Dapagliflozin and Glimepiride or Sitagliptin in Healthy Subjects,Type 2 Diabetes Mellitus,PHASE1,COMPLETED,2009-03,2009-05,2009-05,18.0,ACTUAL,,AstraZeneca,United States
NCT01497522,Efficacy and Safety of Vildagliptin as add-on Therapy to Metformin in Patients With Type 2 Diabetes,"Diabetes Mellitus, Type 2",PHASE3,COMPLETED,2011-12,2013-02,2013-02,183.0,ACTUAL,,Novartis Pharmaceuticals,Japan
NCT04698122,Establishment of the Human Intestinal and Salivary Microbiota Biobank- Diabetes,Type 1 Diabetes; Type 2 Diabetes,,COMPLETED,2021-05-27,2022-02-02,2022-02-02,75.0,ACTUAL,,Azienda Ospedaliero-Universitaria Consorziale Policlinico di Bari,Italy
NCT06260722,Effect of Retatrutide Compared With Semaglutide in Adult Participants With Type 2 Diabetes and Inadequate Glycemic Control With Metformin With or Without SGLT2 Inhibitor (TRANSCEND-T2D-2),"Diabetes Mellitus, Type 2",PHASE3,ACTIVE_NOT_RECRUITING,2024-02-21,2026-08,2027-01,1250.0,ESTIMATED,,Eli Lilly and Company,Argentina; Canada; Mexico; Puerto Rico; United States
NCT01169779,Efficacy and Safety of Lixisenatide in Patients With Type 2 Diabetes Mellitus Insufficiently Controlled by Metformin,Type 2 Diabetes Mellitus,PHASE3,COMPLETED,2010-07,2011-12,2011-12,391.0,ACTUAL,,Sanofi,China; Hong Kong; Malaysia; Thailand
NCT03475069,Which Exercises Should Diabetic Patients do?,Type2 Diabetes; Physical Activity,NA,COMPLETED,2013-10-20,2013-12-15,2014-02-16,42.0,ACTUAL,,Biruni University,Turkey (Türkiye)
NCT00482183,Comparison Between Pioglitazone and SES With type2 DM,Coronary Artery Disease; Type 2 Diabetes Mellitus,PHASE2; PHASE3,COMPLETED,2003-07,,2007-06,38.0,ACTUAL,,Showa University,
NCT00609154,Effect of GLP-1 on Insulin Biosynthesis and Turnover Rates,Type 2 Diabetes,PHASE1; PHASE2,TERMINATED,2010-08-12,2014-05-13,2014-05-13,20.0,ACTUAL,Per source documents the study was terminated well in advance of targeted enrollment. A method for the analysis of insulin and proinsulin samples was never fully developed and validated. Study terminated upon expiration of IRB approval,Albert Einstein College of Medicine,United States
NCT06330194,Next Generation Advanced Insulin Delivery System in Adults With Diabetes and Advanced Renal Disease,"Dialysis; Chronic Kidney Disease; Diabetes Mellitus, Type 2; Diabetes Mellitus, Type 1; Hemodialysis; Peritoneal Dialysis",NA,COMPLETED,2024-04-18,2025-07-28,2025-07-28,15.0,ACTUAL,,Steno Diabetes Center Copenhagen,Denmark
NCT07546929,HP-211 Safety and Proof of Concept Dose Ranging Study in Patients With Type 2 Diabetes,Type 2 Diabetes,PHASE2,RECRUITING,2023-02-03,2026-10,2026-10,300.0,ESTIMATED,,Housey Healthcare ULC,United States
NCT01112696,An Inpatient Performance Evaluation of a New Subcutaneous Glucose Sensor,Type 1 Diabetes Mellitus; Type 2 Diabetes Mellitus,NA,COMPLETED,2010-04,2010-11,2010-11,100.0,ACTUAL,,"Medtronic MiniMed, Inc.",United States
NCT05404061,The Poor Responders Study,"Bariatric Surgery Candidate; Obesity, Morbid; Diabetes Mellitus, Type 2",NA,RECRUITING,2018-08-01,2027-09-01,2027-09-01,220.0,ESTIMATED,,Imperial College London,United Kingdom
NCT01703286,Trial to Assess the Influence of 4 Weeks' Treatment With Linagliptin as Compared to Glimepiride and Placebo on Endothelial Function in Patients With Type 2 Diabetes Using FMD (Flow-Mediated Vasodilation),"Diabetes Mellitus, Type 2",PHASE1,COMPLETED,2012-10,2014-01,2014-01,42.0,ACTUAL,,Boehringer Ingelheim,Germany
NCT06494683,Efficacy and Safety of Pueraria Lobata Radix As an Adjuvant Treatment for Type 2 Diabetes Mellitus,Type 2 Diabetes Mellitus,NA,UNKNOWN,2024-07-25,2025-12-30,2025-12-30,200.0,ESTIMATED,,Jiangxi University of Traditional Chinese Medicine,China
NCT00673894,Effects of Glutamine on GLP-1 and Insulin Secretion in Man,Type 2 Diabetes,NA,COMPLETED,2008-04,2011-12,2014-11,22.0,ACTUAL,,Garvan Institute of Medical Research,Australia
NCT00700856,Thiazolidinediones Or Sulphonylureas and Cardiovascular Accidents.Intervention Trial,Type 2 Diabetes Mellitus; Cardiovascular Disease,PHASE4,UNKNOWN,2008-09,2018-12,2018-12,3371.0,ESTIMATED,,Italian Society of Diabetology,Italy
NCT07024823,"A Study to Investigate Safety, Tolerability, Pharmacokinetics, and Pharmacodynamics of AZD4248 in Healthy Participants and Participants With Chronic Kidney Disease and Type 2 Diabetes and to Assess Home Measurements of Creatinine in a Non Interventional Cohort",Chronic Kidney Disease,PHASE1,RECRUITING,2025-06-09,2026-12-25,2026-12-25,124.0,ESTIMATED,,AstraZeneca,United States
NCT04881123,SER150 vs Placebo in Diabetic Kidney Disease,Diabetic Kidney Disease,PHASE2; PHASE3,COMPLETED,2021-08-18,2024-06-06,2024-06-06,20.0,ACTUAL,,Serodus AS,Australia; New Zealand
NCT00876980,Obstructive Sleep Apnea and Diabetes Mellitus,Obstructive Sleep Apnea; Diabetes Mellitus,NA,COMPLETED,2008-05,2012-02,2012-02,64.0,ACTUAL,,The University of Hong Kong,Hong Kong
NCT01617603,A Comparison Chocolate With and Without High Cocoa Solids in Patients With Type 2 Diabetes in a Randomised Clinical Trial,Diabetes Type 2,NA,COMPLETED,2009-04,2011-04,2011-05,62.0,ACTUAL,,Société des Produits Nestlé (SPN),United Kingdom
NCT00638573,The Incretin Effect in Patients With Chronic Pancreatitis,Chronic Pancreatitis; Type 2 Diabetes Mellitus,,COMPLETED,2006-01,,2006-07,32.0,ACTUAL,,"University Hospital, Gentofte, Copenhagen",Denmark
NCT02691273,Applicability of Cellular Application in Diabetes Type 2 Patients.,"Diabetes Mellitus, Type 2",NA,COMPLETED,2015-03,2017-03,2017-07,9.0,ACTUAL,,Hadassah Medical Organization,Israel
NCT01366794,Macronutrients and Gut Hormone Secretion,Type 2 Diabetes,NA,COMPLETED,2011-09,2012-12,2013-09,36.0,ESTIMATED,,Lund University,Sweden
NCT06704672,Clinical Study to Evaluate the Impact of the Accu-Chek SmartGuide CGM Solution on the Mean Change in Time in Range Compared With Self-Monitoring of Blood Glucose in Participants With Type 1 and Type 2 Diabetes Mellitus,Type 1 Diabetes Mellitus; Type 2 Diabetes Mellitus,NA,RECRUITING,2025-04-14,2026-11-15,2027-05-30,270.0,ESTIMATED,,Hoffmann-La Roche,Poland; Turkey (Türkiye)
NCT05198895,Safety and Performance of the Glyconics-SX System,"Diabetes Mellitus, Type 2",NA,COMPLETED,2022-08-01,2022-10-19,2022-10-28,100.0,ACTUAL,,Glyconics Ltd,United Kingdom
NCT02655757,Effect of Sitagliptin on Progression of Coronary Intermediate Lesion,Atherosclerosis; Type 2 Diabetes Mellitus,PHASE4,COMPLETED,2015-12,2017-02-02,2017-03-10,120.0,ACTUAL,,Li Bo,China
NCT04267601,Korean Observational Study to Evaluate the Efficacy and Safety of Anagliptin Switching From Other DPP4is in type2 DM,Type 2 Diabetes Mellitus,,UNKNOWN,2017-07-06,2021-03-30,2021-09-30,2448.0,ACTUAL,,JW Pharmaceutical,South Korea
NCT05601583,Care Partner-Assisted Diabetes Self-Management Through Linking Continuous Glucose Monitoring With Mobile Health: Improving Outcomes for Older Adults With Mild Cognitive Impairment,Type 2 Diabetes; Mild Cognitive Impairment,PHASE1,ACTIVE_NOT_RECRUITING,2023-04-19,2023-08-29,2027-08-31,14.0,ACTUAL,,NYU Langone Health,United States
NCT04314622,A Study of Supaglutide in Chinese Type 2 Diabetes Patients,"Diabetes Mellitus, Type 2",PHASE2,COMPLETED,2020-04-14,2020-10-25,2021-03-16,40.0,ACTUAL,,"Shanghai Yinnuo Pharmaceutical Technology Co., Ltd.",China
NCT06897202,A Study to Evaluate the Efficacy and Safety of Once-Weekly MET097 in Adults With Obesity or Overweight and T2DM,Obesity in Diabetes; Type 2 Diabetes Mellitus (T2DM),PHASE2,COMPLETED,2025-03-14,2025-12-29,2026-03-18,133.0,ACTUAL,,Pfizer,United States
NCT07071675,Postoperative Pain and Flare-Up Rates in Diabetic Type II Patients Following The Use of Bioceramic Intracanal Medication,"Postoperative Pain; Flare Up, Symptom; Flare up; Diabete Type 2",NA,NOT_YET_RECRUITING,2025-09-01,2026-08-31,2026-09,56.0,ESTIMATED,,Minia University,
NCT05854875,Diabetes Remission After RYGBP and RYGBP With Fundus Resection,Type 2 Diabetes; Morbid Obesity; Bariatric Surgery,NA,COMPLETED,2019-09-22,2023-03-02,2023-04-10,24.0,ACTUAL,,University of Patras,Greece
NCT00986375,Online Program Assisting Lifestyle Changes (Asterix 1.0 & Obelix 2.0),"Diabetes Mellitus, Type 2",NA,COMPLETED,2009-10,2010-09,2011-06,1000.0,ACTUAL,,Freie Universität Berlin,Germany
NCT02034266,The Effect of Omega-3 Supplementation on Nerve Structure and Function in Type 1 Diabetes,Type 1 Diabetes,PHASE2,COMPLETED,2014-01,2016-08,2016-08,40.0,ACTUAL,,Eduardo Ng,Canada
NCT01159353,Pharmacodynamic and Pharmacokinetic Effects of Insulin Glulisine in Obese Subjects With Type 2 Diabetes After a Standard Meal in Comparison to Insulin Aspart,Type 2 Diabetes Mellitus,PHASE1,COMPLETED,2007-09,2008-04,2008-04,37.0,ACTUAL,,Sanofi,France
NCT02799953,Technology-augmented Self-monitoring Model Among Patients With Type 2 Diabetes and Hypertension,Type 2 Diabetes Mellitus; Hypertension,NA,COMPLETED,2016-03,2017-04,2017-04,299.0,ACTUAL,,The University of Hong Kong,China
NCT06117137,The Impact Of SGLT2 -I on Metabolic Dysfunction -Associated Steatotic Liver Disease In Patients With Type 2 Diabetes Mellitus,"Fatty Liver, Nonalcoholic",PHASE3,COMPLETED,2023-11-15,2025-01-01,2026-04-03,150.0,ACTUAL,,Sohag University,Egypt
NCT01918345,Avoiding Diabetes After Pregnancy Trial in Moms,Diabetes,NA,COMPLETED,2014-07,2022-10,2023-01,345.0,ACTUAL,,Women's College Hospital,Canada
NCT05754775,Remission of Type 2 Diabetes Via Calorie Restriction,"Type 2 Diabetes; Obesity, Morbid",NA,COMPLETED,2023-06-01,2024-04-30,2024-04-30,27.0,ACTUAL,,Yeouido St. Mary's Hospital,South Korea
NCT00725257,Dietary Control of Type 2 Diabetes: Low-Carbohydrate Mediterranean Diet Versus Low-Fat Diet,Type 2 Diabetes Mellitus,NA,COMPLETED,2004-06,2007-09,2007-12,215.0,ACTUAL,,University of Campania Luigi Vanvitelli,Italy
NCT06333665,PPIO-007 Correlation Analysis of Type II Diabetes Mellitus on Short-term and Long-term Outcomes of Patients With Esophageal Squamous Cell Cancer Undergoing Minimally Invasive Esophagectomy,Esophageal Squamous Cell Carcinoma; Surgery,,COMPLETED,2024-02-20,2024-04-20,2024-05-20,605.0,ACTUAL,,Daping Hospital and the Research Institute of Surgery of the Third Military Medical University,China
NCT04033705,DRIVE - Perioperative Period,"Diabetes Mellitus; Surgical Procedure, Unspecified",,COMPLETED,2019-06-11,2020-04-27,2020-04-27,28.0,ACTUAL,,Portsmouth Hospitals NHS Trust,United Kingdom
NCT00698802,Safety and Efficacy of Biphasic Human Insulin Compared to EX1000 in Type 2 Diabetes,"Diabetes; Diabetes Mellitus, Type 2",PHASE2,COMPLETED,2008-06,2009-03,2009-03,397.0,ACTUAL,,Novo Nordisk A/S,India; South Africa; United Arab Emirates
NCT06768645,The Effectiveness of Diabetic Foot Wound Prevention Training,Patient Education; Diabetic Foot Ulcer; PechaKucha Method,NA,COMPLETED,2023-12-30,2024-06-23,2024-10-02,125.0,ACTUAL,,Istanbul Medeniyet University,Turkey (Türkiye)
NCT04264572,Project MiNT: Assessing the Impact of Food & Video-Based Nutrition Education on Patients With Poorly Controlled Diabetes,"Diabetes Mellitus, Type 2",NA,COMPLETED,2020-01-21,2025-05-09,2025-05-09,600.0,ACTUAL,,Thomas Jefferson University,United States
NCT00791895,Efficacy of Biphasic Insulin Aspart 30 in Type 2 Diabetics Failing on OADs,"Diabetes; Diabetes Mellitus, Type 2",PHASE4,COMPLETED,2003-06-26,2004-10-31,2004-11-29,102.0,ACTUAL,,Novo Nordisk A/S,United States
NCT00789295,Mediterranean Diet and Postprandial Lipemia,Postprandial Lipemia; Type 2 Diabetes,NA,COMPLETED,2004-03,,,,,,Federico II University,Italy
NCT02996539,Heart Rate Variability and Diabetic Kidney Disease in Type 2 Diabetes Mellitus Patients,Type2 Diabetes Mellitus,,COMPLETED,2013-02,2015-04,2015-04,392.0,ACTUAL,,"Shi wei, MM",China
NCT02882477,Treatment of Wolfram Syndrome Type 2 With the Chelator Deferiprone and Incretin Based Therapy,Diabetes Mellitus; Iron Metabolism Disorders; Gastroduodenal Ulcer; Optic Atrophy; Sensorineural Hearing Loss; Platelet Dysfunction,PHASE2; PHASE3,UNKNOWN,2016-12,2018-05,2018-12,20.0,ESTIMATED,,Hadassah Medical Organization,Israel
NCT03179657,Guangzhou Nutrition and Health Study (GNHS),"Cardiovascular Diseases; Osteoporosis; Diabetes Mellitus, Type 2; Metabolic Syndrome; Obesity; Hypertension; Non-Alcoholic Fatty Liver Disease; Chronic Kidney Diseases; Cancer; Death; Nutrition Disorders; Sarcopenia",,ACTIVE_NOT_RECRUITING,2008-07-01,2023-12,2027-12,5118.0,ACTUAL,,Sun Yat-sen University,
NCT02248857,Promoting the Universal Medication Schedule Via Mobile and EHR Technologies,Type 2 Diabetes,NA,COMPLETED,2014-12,2016-12,2016-12,452.0,ACTUAL,,Northwestern University,United States
NCT01804881,Effect of Managing Problematic Eating Behaviours With Dietary Management on Chronic Disease Self-management,Hypertension; Type 2 Diabetes,NA,COMPLETED,2013-03,2013-07,2013-10,30.0,ACTUAL,,University of Toronto Practice Based Research Network,Canada
NCT03675165,Can You Reduce Diabetes Symptomatology by Becoming Your 'Best Possible Self': The Role of Stress and Resilience,"Diabetes Mellitus, Type 2",NA,COMPLETED,2018-08-28,2019-03-20,2019-03-20,110.0,ACTUAL,,Liverpool John Moores University,United Kingdom
NCT00494767,Investigation Of Weight Loss And Body Composition Changes After Dosing With Either Placebo Or One Of Two Active Drugs,"Diabetes Mellitus, Type 2; Obesity",PHASE1,COMPLETED,2006-09-29,2007-06-07,2007-06-07,27.0,ACTUAL,,GlaxoSmithKline,United Kingdom
NCT06983054,"DiEtary Sodium Intake Effects on Ertugliflozin-induced Changes in GFR, reNal Oxygenation and Systemic Hemodynamics: the DESIGN Study, a Randomized, Placebo-controlled, Cross-over Study With Ertugliflozin in People With Type 2 Diabetes",Type 2 Diabetes,PHASE4,RECRUITING,2023-07-25,2025-12,2025-12,34.0,ESTIMATED,,"Amsterdam UMC, location VUmc",Netherlands; United States
NCT06309654,Home-Based Circuit Training in Overweight/Obese Older Adult Patients With Knee Osteoarthritis and Type 2 Diabetes,Aerobic Exercise; Strength Training; Glycemic Control; Blood Pressure; Oxidative Stress; Metabolic Syndrome,NA,COMPLETED,2021-09-13,2023-09-13,2023-12-29,70.0,ACTUAL,,Princess Nourah Bint Abdulrahman University,Saudi Arabia
NCT01121172,Apelin Levels and G212A Polymorphism of Apelin Receptor (APJ),Obesity; Insulin Resistance; Diabetes Mellitus Type 2,,COMPLETED,2010-05,2012-06,2014-01,180.0,ACTUAL,,Aristotle University Of Thessaloniki,Greece
NCT01545401,Empowering Primary Care Providers and Patients to Improve Chronic Disease Outcomes: The EMPOWER Participatory Action Research (EMPOWER - PAR),Type 2 Diabetes Mellitus; Hypertension (Without Type 2 Diabetes Mellitus),EARLY_PHASE1,COMPLETED,2012-01,2014-06,2014-06,1545.0,ACTUAL,,"Ministry of Health, Malaysia",Malaysia
NCT02015130,Individually Tailored Treatment of Type 2 Diabetes,Type 2 Diabetes; Hypertension,NA,UNKNOWN,2013-10,2025-10,2025-10,2246.0,ESTIMATED,,Odense University Hospital,Denmark
NCT05975528,Effect of Sodium-glucose Cotransporter-2 Inhibitor in Cellular Senescence in Patients With Cardiovascular Diseases or Type 2 Diabetes,Diabetes Mellitus; Cellular Senescence; Sodium-Glucose Transporter 2 Inhibitors,PHASE4,UNKNOWN,2023-06-01,2025-12-31,2025-12-31,92.0,ESTIMATED,,Yonsei University,South Korea
NCT01773473,Comparison of Insulin Mix25 Versus Mix50,Type 2 Diabetes Mellitus,PHASE4,COMPLETED,2013-01,2014-08,2014-08,403.0,ACTUAL,,Eli Lilly and Company,China; Japan; South Korea; Turkey (Türkiye)
NCT02542631,Glycemic Control and Treatment Satisfaction Using Finesse Versus Pen for Initiating Bolus Insulin Dosing in Type 2 Diabetes Patients,"Diabetes Mellitus, Type 2",NA,COMPLETED,2015-08-01,2017-08-31,2017-08-31,278.0,ACTUAL,,"Calibra Medical, Inc.",France; Germany; United Kingdom; United States
NCT01947595,Individualized Lifestyle Intervention in Subjects With Prediabetes,Diabetes Mellitus Type 2,NA,COMPLETED,2012-03,2017-08,2017-08,1145.0,ACTUAL,,University Hospital Tuebingen,Germany
NCT07144241,Mesenchymal Stromal/Stem Cells-Derived Exosomes (MSC-Exos) Therapy for Type 2 Diabetes Mellitus Patients,Type 2 Diabetes Mellitus,PHASE2,NOT_YET_RECRUITING,2025-09-01,2025-12-31,2026-07-01,50.0,ESTIMATED,,Indonesia University,Indonesia
NCT02214654,A Pilot Study To Examine The Effects Of Ticagrelor To Protect Against Type 2 Diabetes-Induced Vascular Damage,Type 2 Diabetes Mellitus；; Stable Coronary Disease,,UNKNOWN,2014-08,2015-03,2015-06,144.0,ESTIMATED,,Tianjin Medical University,China
NCT05642377,"A Study to Investigate the Safety, Tolerability, Pharmacokinetic/Pharmacodynamic Characteristics and Food Effect of HGR4113 in Healthy Subjects","Diabetes Mellitus, Type 2",PHASE1,UNKNOWN,2022-11-22,2024-07-31,2025-01-31,40.0,ESTIMATED,,Glaceum,South Korea
NCT03617081,First Research Study of the Possible New Medicine NNC0113-2023 in Healthy Men.,"Diabetes Mellitus, Type 2",PHASE1,COMPLETED,2018-08-09,2018-12-13,2018-12-13,40.0,ACTUAL,,Novo Nordisk A/S,United States
NCT00149331,The Effects of Two Education Strategies About Insulin on Patient Preferences and Perceptions About Insulin Therapy,Type 2 Diabetes,PHASE4,COMPLETED,2005-07,,2006-03,86.0,,,Hamilton Health Sciences Corporation,Canada
NCT02122731,Amiloride for Resistant Hypertension,Hypertension; Type 2 Diabetes Mellitus; Microalbuminuria,PHASE4,COMPLETED,2010-11,2012-07,2012-08,80.0,ACTUAL,,Ib Abildgaard Jacobsen,Denmark
NCT07660445,Endoscopic Sleeve Gastroplasty Plus Duodenal pulsENDO for Obese T2DM,Obesity Type 2 Diabetes Mellitus,NA,RECRUITING,2026-08-01,2029-07-31,2031-07-31,20.0,ESTIMATED,,Chinese University of Hong Kong,Hong Kong
NCT04997512,Freestyle Libre and Hospital Admissions in Type 2 Diabetes,Type 2 Diabetes,NA,UNKNOWN,2021-11-01,2024-08-01,2025-08-01,300.0,ESTIMATED,,University of Leeds,United Kingdom
NCT01194830,Efficacy and Safety of Linagliptin (BI 1356) in Black/African Americans With Type 2 Diabetes With a MTT Sub-study,"Diabetes Mellitus, Type 2",PHASE3,COMPLETED,2010-09,2011-10,2011-10,234.0,ACTUAL,,Boehringer Ingelheim,United States
NCT01018173,A Study of Taspoglutide in Patients With Inadequately Controlled Diabetes Mellitus Type 2 and Cardiovascular Disease,Diabetes Mellitus Type 2,PHASE3,COMPLETED,2010-01,2011-01,2011-01,2118.0,ACTUAL,,Hoffmann-La Roche,Australia; Brazil; Bulgaria; Canada; Czechia; Denmark; Estonia; Germany; Hungary; India; Israel; Lithuania; Malaysia; Mexico; Poland; Romania; Russia; Slovakia; South Africa; Spain; Taiwan; Thailand; Ukraine; United Kingdom; United States
NCT04539769,Impact of the Type of Reconstruction Methods on Diabetes Following Laparoscopic Distal Gastrectomy in Patients With Gastric Cancer and Type 2 Diabetes,"Stomach Neoplasms; Diabetes Mellitus, Type 2",PHASE2,COMPLETED,2017-09-01,2019-04-30,2019-12-31,20.0,ACTUAL,,Kyungpook National University Chilgok Hospital,South Korea
NCT00255541,GALLANT 4 Tesaglitazar vs. Glibenclamide,Type 2 Diabetes,PHASE3,TERMINATED,2004-09,,2006-12,580.0,,The development program has been terminated,AstraZeneca,Belgium; Hong Kong; Hungary; Italy; Malaysia; Mexico; Norway; Philippines; Poland; Slovakia; South Africa; Taiwan; Thailand
NCT07506356,Investigation of Gastric Emptying by Gastric Ultrasonography in Diabetic Patients Treated With GLP-1 Receptors,Diabete Type 2; Regurgitation; Pulmonary Aspiration During Anaesthetic Induction,,RECRUITING,2026-04-01,2026-12-31,2026-12-31,38.0,ESTIMATED,,"University Hospital, Geneva",Switzerland
NCT02435329,Microcirculation and Bone Metabolism in Patients With Type 2 Diabetes Mellitus and Charcot Foot - A Pilot Study,"Diabetic Angiopathies; Bone Diseases, Metabolic",,COMPLETED,2015-06,2016-11,2016-11,31.0,ACTUAL,,Tameside General Hospital,United Kingdom
NCT06945419,"A Study of LY4086940 in Healthy Participants and Participants With Overweight or Obesity, With or Without Type 2 Diabetes",Healthy; Overweight; Obesity; Type 2 Diabetes,PHASE1,ACTIVE_NOT_RECRUITING,2025-04-23,2026-08,2026-08,216.0,ESTIMATED,,Eli Lilly and Company,Singapore; United States
NCT03554200,EMPA Acute Heart Failure,"Diabetes Mellitus, Type 2; Acute Heart Failure",PHASE2,TERMINATED,2018-06-11,2020-10-29,2020-10-29,19.0,ACTUAL,COVID 19,RWTH Aachen University,Germany
NCT03555656,Repeated Educational Intervention for the Prevention of Diabetic Foot Ulcers in High-risk Patients,Diabetic Foot,NA,TERMINATED,2018-03-01,2019-07-10,2019-07-10,89.0,ACTUAL,Futility analysis suggested termination,Azienda Ospedaliero-Universitaria Careggi,Italy
NCT00550329,Bioequivalence Study Of Glucotrol XL 2.5 Mg Tablets,"Diabetes Mellitus, Non-Insulin-Dependent; Hyperglycemia",,COMPLETED,2007-10,,2007-11,32.0,,,Pfizer,Singapore
NCT00939939,Effect of Sitagliptin on Postprandial Lipoprotein Metabolism,Diabetes Mellitus Type 2,PHASE4,TERMINATED,2010-03,2011-05,2011-05,3.0,ACTUAL,Recruitment failure,Ludwig-Maximilians - University of Munich,Germany
NCT00279201,The DURABLE Trial: Evaluating the Durability of Starter Insulin Regimens in Patients With Type 2 Diabetes (IOOV),"Diabetes Mellitus, Type 2",PHASE4,COMPLETED,2005-12,2009-11,2009-11,2091.0,ACTUAL,,Eli Lilly and Company,Argentina; Australia; Brazil; Canada; Greece; Hungary; India; Netherlands; Puerto Rico; Romania; Spain; United States
NCT02036528,Safety and Efficacy of Gentamicin Topical Gel (AppliGel-G) for Treatment of Mild to Moderately Infected Diabetic Foot Ulcers,Diabetic Foot Ulcers,PHASE1; PHASE2,TERMINATED,2014-01,2014-12,,9.0,ACTUAL,,"Royer Biomedical, Inc.",United States
NCT00094770,An Investigational Drug Study in Patients With Type 2 Diabetes Mellitus (0431-024),"Diabetes Mellitus, Type 2",PHASE3,COMPLETED,2004-09,2006-05,2007-05,1172.0,ACTUAL,,Merck Sharp & Dohme LLC,
NCT04633941,Impact of Social Distancing on Bariatric Versus Non-Surgical Obese Patients During COVID-19 Pandemic,"Diabetes Mellitus, Type 2; Obesity, Morbid; Bariatric Surgery Candidate",,COMPLETED,2020-06-01,2020-07-30,2020-07-30,272.0,ACTUAL,,Singapore General Hospital,Singapore
NCT00005205,Incidence of Diabetes and Cardiovascular Disease in Mexican Americans,"Cardiovascular Diseases; Heart Diseases; Myocardial Infarction; Angina Pectoris; Death, Sudden, Cardiac; Cerebrovascular Disorders; Peripheral Vascular Diseases; Coronary Disease; Diabetes Mellitus, Non-insulin Dependent; Diabetes Mellitus",,COMPLETED,1987-08,,2003-07,,,,The University of Texas Health Science Center at San Antonio,
NCT04982575,Research Study to Look at How Well Cagrilintide Together With Semaglutide Works in People With Type 2 Diabetes,"Diabetes Mellitus, Type 2",PHASE2,COMPLETED,2021-08-02,2022-07-07,2022-07-07,92.0,ACTUAL,,Novo Nordisk A/S,United States
NCT06329375,Food Insecurity Reduction & Strategy Team,"Diabetes Mellitus, Type 2; Food Insecurity; Diabetes Mellitus, Type 1",NA,RECRUITING,2024-10-07,2027-01-15,2027-01-15,160.0,ESTIMATED,,Stanford University,United States
NCT02954601,A Study of Single and Multiple Doses of Oral Insulin or Placebo in Subjects With Type 2 Diabetes Mellitus,Type 2 Diabetes Mellitus,PHASE2,COMPLETED,2016-10,2017-02-24,2017-03-15,31.0,ACTUAL,,"Oramed, Ltd.",United States
NCT01747083,Food-Effect Bioavailability Study of FDC(Gemigliptin/Metformin HCl Sustained Release) 50/1000mg(25/500mg x 2tablets),Type 2 Diabetes,PHASE1,COMPLETED,2013-01,2013-03,2013-04,24.0,ACTUAL,,LG Life Sciences,South Korea
NCT03152994,The Early Predictors for Developing Type 2 Diabetes Mellitus in Patients With Chronic Obstructive Pulmonary Disease,Chronic Obstructive Pulmonary Disease; Type 2 Diabetes Mellitus,,COMPLETED,2017-04-01,2020-04-01,2020-05-01,500.0,ACTUAL,,Zhujiang Hospital,China
NCT01588795,Renal Denervation in Diabetic Nephropathy,Diabetic Nephropathy; Persistent Proteinuria With Type II Diabetes,PHASE4,COMPLETED,2012-04,2016-01,2016-01,25.0,ACTUAL,,Assistance Publique - Hôpitaux de Paris,France
NCT01290575,Multiple Ascending Dose Study of BMS-820132 in Patients With Type 2 Diabetes,Type 2 Diabetes,PHASE1,COMPLETED,2011-02,2011-11,2011-11,67.0,ACTUAL,,Bristol-Myers Squibb,United States
NCT01208012,Impact of Liraglutide on Endothelial Function and Microvascular Blood Flow in Type 2 Diabetes Mellitus,"Diabetes Mellitus, Type 2",PHASE4,COMPLETED,2010-04,2010-11,2010-11,44.0,ACTUAL,,ikfe-CRO GmbH,Germany
NCT07467161,Relationship Between Insulin Resistance and Vitamin D in Type 2 Diabetes Mellitus (DM),Type 2 Diabetes,,NOT_YET_RECRUITING,2026-03,2028-01,2028-03,165.0,ESTIMATED,,Assiut University,
NCT06060483,Effect of Patient Management Based on Continuous Continuous Glucose Monitoring on Major Adverse Cardiovascular Events in Patients With Type 2 Diabetes and Moderate to Severe Coronary Artery Stenosis,"Diabetes Mellitus, Type 2; Major Adverse Cardiac Events",NA,UNKNOWN,2024-01,2025-12,2026-01,4000.0,ESTIMATED,,"Second Affiliated Hospital, Zhejiang University, School of Medicine",China
NCT07227805,Evaluation of the Safety and Performance of the Novel Medtronic Experimental Automated Insulin Delivery System (NMX8) in People Living With Diabetes (NEXUS),"Diabetes (Insulin-requiring, Type 1 or Type 2)",NA,RECRUITING,2026-07-19,2027-03-17,2027-03-17,116.0,ESTIMATED,,"Medtronic MiniMed, Inc.",Belgium; Denmark; Israel; Slovenia
NCT02250066,Prevention of Type 2 Diabetes Mellitus by Changes in Diet,Prediabetes,NA,COMPLETED,2012-01,2014-04,2014-04,322.0,ACTUAL,,Ilam University of Medical Sciences,
NCT03946631,GDM Post Partum Screening,"Diabetes; Gestational Diabetes; Diabetes Mellitus, Type 2",,TERMINATED,2019-08-20,2022-10-21,2022-10-21,21.0,ACTUAL,PI and Practice closed,Pediatrix,United States
NCT05583045,Prediabetes Intervention With Tea,"Diabetes Mellitus, Type 2; Pre Diabetes",NA,UNKNOWN,2022-11-01,2023-03,2023-07,140.0,ESTIMATED,,Instituto Politécnico de Bragança,Portugal
NCT01817127,Elucidation of Breast Milk Composition and Structure Over the First Year of Lactation: UC Davis Lactation Study,Healthy; Gestational Diabetes Mellitus; Type 2 Diabetes Mellitus,,ACTIVE_NOT_RECRUITING,2009-04-01,2015-02-28,2028-09-04,395.0,ACTUAL,,"University of California, Davis",United States
NCT01403961,Hemoglobin A1c and Immediate Postsurgical Complications Diabetes Type 2,Postoperative Complications,,COMPLETED,2011-07,2016-12,2017-12,1760.0,ACTUAL,,Hospital Italiano de Buenos Aires,Argentina
NCT00174642,Opposing Step-by-step Insulin Reinforcement to Intensified Strategy,"Diabetes Mellitus, Type 2",PHASE3,COMPLETED,2004-12,2008-12,,811.0,ACTUAL,,Sanofi,Belgium; France; Germany; Greece; Hungary; Ireland; Italy; Lithuania; Mexico; Netherlands; Poland; Russia; South Korea; Spain; Sweden; Taiwan; Turkey (Türkiye); United Kingdom
NCT03301545,The Metabolic Impact of Bariatric Surgery Compared to Best Diabetic Care on Manitoba's Urban Indigenous Population,Type2 Diabetes Mellitus; Obesity; Bariatric Surgery Candidate,NA,UNKNOWN,2020-07-01,2021-12-31,2022-12-31,60.0,ESTIMATED,,University of Manitoba,
NCT02459496,Diabetes Nutrition Algorithms in Patients With Overt Diabetes Mellitus,Type 2 Diabetes; NAFLD; Obesity; Dyslipoproteinaemia; Hypertension,NA,UNKNOWN,2013-09,2020-12,2020-12,200.0,ESTIMATED,,German Institute of Human Nutrition,Germany
NCT01334203,A Study on the Effects of Ranolazine on Exercise Duration in Subjects With Chronic Stable Angina and Coronary Artery Disease (CAD) With Type 2 Diabetes Mellitus (T2DM),Angina Pectoris; Coronary Artery Disease; Type 2 Diabetes Mellitus,PHASE4,WITHDRAWN,2011-05,2012-10,2012-12,0.0,ACTUAL,,Gilead Sciences,
NCT01300273,Low Protein Diet Supplemented With Ketoanalogs on Reducing Proteinuria and Maintaining Nutritional Status in Type 2 Diabetic Nephropathy,Type 2 Diabetic Nephropathy,PHASE4,UNKNOWN,2011-02,2012-05,2012-07,60.0,ESTIMATED,,Shanghai Jiao Tong University School of Medicine,China
NCT01281605,Comparison of Two Titration Programs of Adding Insulin Detemir to OADs in Poorly Controlled Type 2 Diabetes,Type 2 Diabetes,NA,COMPLETED,2011-01,2015-10,2016-05,181.0,ACTUAL,,Mackay Memorial Hospital,Taiwan
NCT01931631,Plant-Based Dietary Intervention in Type 2 Diabetes-2,"Diabetes Mellitus, Type 2",NA,WITHDRAWN,2014-01,2017-12,2017-12,0.0,ACTUAL,This study was never initiated.,Physicians Committee for Responsible Medicine,United States
NCT00116831,Rosiglitazone Versus a Sulfonylurea On Progression Of Atherosclerosis In Patients With Heart Disease And Type 2 Diabetes,Atherosclerosis,PHASE3,COMPLETED,2005-01,2008-08,2008-08,672.0,ACTUAL,,GlaxoSmithKline,Argentina; Brazil; Canada; Czechia; France; Germany; Greece; Hong Kong; India; Italy; Latvia; Mexico; Netherlands; Poland; Russia; South Korea; Spain; Sweden; Thailand; United States
NCT00627445,Effect of Biphasic Insulin Aspart 50 on Blood Glucose Control in Subjects With Type 2 Diabetes,"Diabetes; Diabetes Mellitus, Type 2",PHASE3,COMPLETED,2008-02,2009-01,2009-01,441.0,ACTUAL,,Novo Nordisk A/S,China
